{
  "timestamp": "2025-09-05T15:00:38.724Z",
  "totalFiles": 1,
  "successfulConversions": 0,
  "failedConversions": 1,
  "results": [
    {
      "originalName": "score_0.png",
      "fileId": "e00fd35d-c46b-4da0-bf01-ea5751d84f5b",
      "error": "OEMER processing failed: Process exited with code 1. Error: 2025-09-05 20:24:59 Extracting staffline and symbols  [at ete.py:50]\n/home/arch/labs/projects/ensemble-v2/.venv/lib/python3.13/site-packages/onnxruntime/capi/onnxruntime_inference_collection.py:121: UserWarning: Specified provider 'CUDAExecutionProvider' is not in available provider names.Available providers: 'AzureExecutionProvider, CPUExecutionProvider'\n  warnings.warn(\n2025-09-05 20:26:45 Extracting layers of different symbols  [at ete.py:59]\n2025-09-05 20:30:28 Extracting stafflines  [at ete.py:177]\n/home/arch/labs/projects/ensemble-v2/.venv/lib/python3.13/site-packages/numpy/_core/fromnumeric.py:3860: RuntimeWarning: Mean of empty slice.\n  return _methods._mean(a, axis=axis, dtype=dtype,\n/home/arch/labs/projects/ensemble-v2/.venv/lib/python3.13/site-packages/numpy/_core/_methods.py:145: RuntimeWarning: invalid value encountered in scalar divide\n  ret = ret.dtype.type(ret / rcount)\n2025-09-05 20:30:29 Extracting noteheads  [at ete.py:183]\n2025-09-05 20:30:29 Analyzing notehead bboxes  [at notehead_extraction.py:424]\n2025-09-05 20:30:30 Instanitiating notes  [at notehead_extraction.py:464]\n2025-09-05 20:30:30 Grouping noteheads  [at ete.py:194]\n2025-09-05 20:30:33 Extracting symbols  [at ete.py:200]\n/home/arch/labs/projects/ensemble-v2/.venv/lib/python3.13/site-packages/sklearn/base.py:442: InconsistentVersionWarning: Trying to unpickle estimator SVC from version 1.2.0 when using version 1.7.1. This might lead to breaking code or invalid results. Use at your own risk. For more info please refer to:\nhttps://scikit-learn.org/stable/model_persistence.html#security-maintainability-limitations\n  warnings.warn(\n/home/arch/labs/projects/ensemble-v2/.venv/lib/python3.13/site-packages/sklearn/base.py:442: InconsistentVersionWarning: Trying to unpickle estimator SVC from version 1.2.0 when using version 1.7.1. This might lead to breaking code or invalid results. Use at your own risk. For more info please refer to:\nhttps://scikit-learn.org/stable/model_persistence.html#security-maintainability-limitations\n  warnings.warn(\n/home/arch/labs/projects/ensemble-v2/.venv/lib/python3.13/site-packages/sklearn/base.py:442: InconsistentVersionWarning: Trying to unpickle estimator SVC from version 1.2.0 when using version 1.7.1. This might lead to breaking code or invalid results. Use at your own risk. For more info please refer to:\nhttps://scikit-learn.org/stable/model_persistence.html#security-maintainability-limitations\n  warnings.warn(\n/home/arch/labs/projects/ensemble-v2/.venv/lib/python3.13/site-packages/sklearn/base.py:442: InconsistentVersionWarning: Trying to unpickle estimator SVC from version 1.2.0 when using version 1.7.1. This might lead to breaking code or invalid results. Use at your own risk. For more info please refer to:\nhttps://scikit-learn.org/stable/model_persistence.html#security-maintainability-limitations\n  warnings.warn(\n/home/arch/labs/projects/ensemble-v2/.venv/lib/python3.13/site-packages/sklearn/base.py:442: InconsistentVersionWarning: Trying to unpickle estimator SVC from version 1.2.0 when using version 1.7.1. This might lead to breaking code or invalid results. Use at your own risk. For more info please refer to:\nhttps://scikit-learn.org/stable/model_persistence.html#security-maintainability-limitations\n  warnings.warn(\n/home/arch/labs/projects/ensemble-v2/.venv/lib/python3.13/site-packages/sklearn/base.py:442: InconsistentVersionWarning: Trying to unpickle estimator SVC from version 1.2.0 when using version 1.7.1. This might lead to breaking code or invalid results. Use at your own risk. For more info please refer to:\nhttps://scikit-learn.org/stable/model_persistence.html#security-maintainability-limitations\n  warnings.warn(\n/home/arch/labs/projects/ensemble-v2/.venv/lib/python3.13/site-packages/sklearn/base.py:442: InconsistentVersionWarning: Trying to unpickle estimator SVC from version 1.2.0 when using version 1.7.1. This might lead to breaking code or invalid results. Use at your own risk. For more info please refer to:\nhttps://scikit-learn.org/stable/model_persistence.html#security-maintainability-limitations\n  warnings.warn(\n/home/arch/labs/projects/ensemble-v2/.venv/lib/python3.13/site-packages/sklearn/base.py:442: InconsistentVersionWarning: Trying to unpickle estimator SVC from version 1.2.0 when using version 1.7.1. This might lead to breaking code or invalid results. Use at your own risk. For more info please refer to:\nhttps://scikit-learn.org/stable/model_persistence.html#security-maintainability-limitations\n  warnings.warn(\n/home/arch/labs/projects/ensemble-v2/.venv/lib/python3.13/site-packages/sklearn/base.py:442: InconsistentVersionWarning: Trying to unpickle estimator SVC from version 1.2.0 when using version 1.7.1. This might lead to breaking code or invalid results. Use at your own risk. For more info please refer to:\nhttps://scikit-learn.org/stable/model_persistence.html#security-maintainability-limitations\n  warnings.warn(\n/home/arch/labs/projects/ensemble-v2/.venv/lib/python3.13/site-packages/sklearn/base.py:442: InconsistentVersionWarning: Trying to unpickle estimator SVC from version 1.2.0 when using version 1.7.1. This might lead to breaking code or invalid results. Use at your own risk. For more info please refer to:\nhttps://scikit-learn.org/stable/model_persistence.html#security-maintainability-limitations\n  warnings.warn(\n/home/arch/labs/projects/ensemble-v2/.venv/lib/python3.13/site-packages/sklearn/base.py:442: InconsistentVersionWarning: Trying to unpickle estimator SVC from version 1.2.0 when using version 1.7.1. This might lead to breaking code or invalid results. Use at your own risk. For more info please refer to:\nhttps://scikit-learn.org/stable/model_persistence.html#security-maintainability-limitations\n  warnings.warn(\n/home/arch/labs/projects/ensemble-v2/.venv/lib/python3.13/site-packages/sklearn/base.py:442: InconsistentVersionWarning: Trying to unpickle estimator SVC from version 1.2.0 when using version 1.7.1. This might lead to breaking code or invalid results. Use at your own risk. For more info please refer to:\nhttps://scikit-learn.org/stable/model_persistence.html#security-maintainability-limitations\n  warnings.warn(\n/home/arch/labs/projects/ensemble-v2/.venv/lib/python3.13/site-packages/sklearn/base.py:442: InconsistentVersionWarning: Trying to unpickle estimator SVC from version 1.2.0 when using version 1.7.1. This might lead to breaking code or invalid results. Use at your own risk. For more info please refer to:\nhttps://scikit-learn.org/stable/model_persistence.html#security-maintainability-limitations\n  warnings.warn(\n/home/arch/labs/projects/ensemble-v2/.venv/lib/python3.13/site-packages/sklearn/base.py:442: InconsistentVersionWarning: Trying to unpickle estimator SVC from version 1.2.0 when using version 1.7.1. This might lead to breaking code or invalid results. Use at your own risk. For more info please refer to:\nhttps://scikit-learn.org/stable/model_persistence.html#security-maintainability-limitations\n  warnings.warn(\n/home/arch/labs/projects/ensemble-v2/.venv/lib/python3.13/site-packages/sklearn/base.py:442: InconsistentVersionWarning: Trying to unpickle estimator SVC from version 1.2.0 when using version 1.7.1. This might lead to breaking code or invalid results. Use at your own risk. For more info please refer to:\nhttps://scikit-learn.org/stable/model_persistence.html#security-maintainability-limitations\n  warnings.warn(\n/home/arch/labs/projects/ensemble-v2/.venv/lib/python3.13/site-packages/sklearn/base.py:442: InconsistentVersionWarning: Trying to unpickle estimator SVC from version 1.2.0 when using version 1.7.1. This might lead to breaking code or invalid results. Use at your own risk. For more info please refer to:\nhttps://scikit-learn.org/stable/model_persistence.html#security-maintainability-limitations\n  warnings.warn(\n/home/arch/labs/projects/ensemble-v2/.venv/lib/python3.13/site-packages/sklearn/base.py:442: InconsistentVersionWarning: Trying to unpickle estimator SVC from version 1.2.0 when using version 1.7.1. This might lead to breaking code or invalid results. Use at your own risk. For more info please refer to:\nhttps://scikit-learn.org/stable/model_persistence.html#security-maintainability-limitations\n  warnings.warn(\n/home/arch/labs/projects/ensemble-v2/.venv/lib/python3.13/site-packages/sklearn/base.py:442: InconsistentVersionWarning: Trying to unpickle estimator SVC from version 1.2.0 when using version 1.7.1. This might lead to breaking code or invalid results. Use at your own risk. For more info please refer to:\nhttps://scikit-learn.org/stable/model_persistence.html#security-maintainability-limitations\n  warnings.warn(\n/home/arch/labs/projects/ensemble-v2/.venv/lib/python3.13/site-packages/sklearn/base.py:442: InconsistentVersionWarning: Trying to unpickle estimator SVC from version 1.2.0 when using version 1.7.1. This might lead to breaking code or invalid results. Use at your own risk. For more info please refer to:\nhttps://scikit-learn.org/stable/model_persistence.html#security-maintainability-limitations\n  warnings.warn(\n2025-09-05 20:30:34 Extracting rhythm types  [at ete.py:208]\n2025-09-05 20:30:38 Building MusicXML document  [at ete.py:212]\n/home/arch/labs/projects/ensemble-v2/.venv/lib/python3.13/site-packages/oemer/build_system.py:825: RuntimeWarning: overflow encountered in scalar subtract\n  diff = duration - dura\nTraceback (most recent call last):\n  File \"/home/arch/labs/projects/ensemble-v2/.venv/bin/oemer\", line 7, in <module>\n    sys.exit(main())\n             ~~~~^^\n  File \"/home/arch/labs/projects/ensemble-v2/.venv/lib/python3.13/site-packages/oemer/ete.py\", line 287, in main\n    mxl_path = extract(args)\n  File \"/home/arch/labs/projects/ensemble-v2/.venv/lib/python3.13/site-packages/oemer/ete.py\", line 224, in extract\n    with open(out_path, \"wb\") as ff:\n         ~~~~^^^^^^^^^^^^^^^^\nFileNotFoundError: [Errno 2] No such file or directory: '/home/arch/labs/projects/ensemble-v2/backend/temp/50638e30-59d3-495c-8cd8-d3d1644b3535/oemer_output.xml/enhanced_input_e00fd35d-c46b-4da0-bf01-ea5751d84f5b.musicxml'\n",
      "success": false
    }
  ]
}