{
  "timestamp": "2025-09-05T16:03:10.984Z",
  "totalFiles": 1,
  "successfulConversions": 1,
  "failedConversions": 0,
  "results": [
    {
      "originalName": "score_0.png",
      "fileId": "2a589d39-5920-4620-8071-1c59340c2907",
      "musicXmlPath": "/home/arch/labs/projects/ensemble-v2/backend/temp/93090e89-f0eb-4fdf-940a-ce029eddc3c1/oemer_output.xml",
      "midiPath": "/home/arch/labs/projects/ensemble-v2/backend/temp/93090e89-f0eb-4fdf-940a-ce029eddc3c1/output_2a589d39-5920-4620-8071-1c59340c2907.mid",
      "confidence": 0.9700000000000001,
      "detectedElements": {
        "measures": 17,
        "notes": 67,
        "rests": 9,
        "clefs": 1,
        "timeSignatures": 0,
        "keySignatures": 1
      }
    }
  ]
}